0,1,24,M,technician,85711.0,98560,1
3,4,24,M,technician,43537.0,99168,1
6,7,57,M,administrator,91344.0,99248,1
10,11,39,F,other,30329.0,100477,0
12,13,47,M,educator,29206.0,98655,1
16,17,30,M,programmer,6355.0,99157,1
17,18,35,F,other,37212.0,99032,0
18,19,40,M,librarian,2138.0,98874,1
21,22,25,M,writer,40206.0,100881,1
25,26,49,M,engineer,21044.0,99693,1
26,27,40,F,librarian,30030.0,100026,0
28,29,41,M,programmer,94043.0,101346,1
29,30,7,M,student,55436.0,98693,1
31,32,28,F,student,78741.0,101140,0
32,33,23,M,student,27510.0,99453,1
33,34,38,F,administrator,42141.0,99667,0
34,35,20,F,homemaker,42459.0,100278,0
35,36,19,F,student,93117.0,99053,0
36,37,23,M,student,55105.0,98487,1
37,38,28,F,other,54467.0,99558,0
40,41,33,M,engineer,80525.0,101011,1
42,43,29,F,librarian,20854.0,98403,0
45,46,27,F,marketing,46538.0,98697,0
50,51,28,M,educator,16509.0,99370,1
52,53,26,M,programmer,55414.0,98861,1
58,59,49,M,educator,8403.0,100358,1
62,63,31,M,marketing,75240.0,100778,1
64,65,51,F,educator,48118.0,99436,0
67,68,19,M,student,22904.0,100154,1
68,69,24,M,engineer,55337.0,99845,1
69,70,27,M,engineer,60067.0,100365,1
71,72,48,F,administrator,73034.0,99783,0
73,74,39,M,scientist,,98717,1
79,80,34,F,administrator,52241.0,99092,0
81,82,50,M,programmer,22902.0,100076,1
84,85,51,M,educator,20003.0,98830,1
86,87,47,M,administrator,89503.0,102465,1
87,88,49,F,librarian,11701.0,101242,0
88,89,43,F,administrator,68106.0,101594,0
89,90,60,M,educator,78155.0,97575,1
92,93,48,M,executive,23112.0,99381,1
93,94,26,M,student,71457.0,98005,1
94,95,31,M,administrator,10707.0,100051,1
99,100,36,M,executive,90254.0,100749,1
102,103,26,M,student,55108.0,100043,1
108,109,29,M,other,55423.0,100103,1
110,111,57,M,engineer,90630.0,97717,1
112,113,47,M,executive,95032.0,99435,1
116,117,20,M,student,16125.0,98996,1
117,118,21,M,administrator,90210.0,100804,1
119,120,47,F,other,6260.0,100147,0
120,121,54,M,librarian,99603.0,101348,1
121,122,32,F,writer,22206.0,102210,0
122,123,48,F,artist,20008.0,100270,0
124,125,30,M,lawyer,22202.0,99060,1
127,128,24,F,marketing,20009.0,99244,0
130,131,59,F,administrator,15237.0,100313,0
131,132,24,M,other,94612.0,99394,1
132,133,53,M,engineer,78602.0,99200,1
134,135,23,M,student,38401.0,98597,1
135,136,51,M,other,97365.0,100685,1
138,139,20,M,student,8904.0,100490,1
139,140,30,F,student,32250.0,100408,0
140,141,49,M,programmer,36117.0,99845,1
141,142,13,M,other,48118.0,99327,1
142,143,42,M,technician,8832.0,100469,1
146,147,40,F,librarian,2143.0,100461,0
147,148,33,M,engineer,97006.0,100866,1
148,149,35,F,marketing,17325.0,98579,0
150,151,38,F,administrator,48103.0,99978,0
151,152,33,F,educator,68767.0,101137,0
152,153,25,M,student,60641.0,100142,1
153,154,25,M,student,53703.0,100635,1
155,156,25,M,educator,8360.0,100317,1
156,157,57,M,engineer,70808.0,99178,1
157,158,50,M,educator,27606.0,100272,1
161,162,25,M,artist,15610.0,99875,1
163,164,47,M,healthcare,80123.0,100615,1
164,165,20,F,other,53715.0,99265,0
166,167,37,M,other,,99896,1
168,169,52,F,other,53705.0,101280,0
169,170,53,F,healthcare,30067.0,100168,0
170,171,48,F,educator,78750.0,100446,0
172,173,56,M,other,22306.0,99348,1
173,174,30,F,administrator,52302.0,99609,0
174,175,26,F,scientist,21911.0,101738,0
176,177,20,M,programmer,19104.0,98143,1
178,179,15,M,entertainment,20755.0,100119,1
180,181,26,M,executive,21218.0,99818,1
183,184,37,M,librarian,76013.0,101484,1
184,185,53,F,librarian,97403.0,99982,0
186,187,26,M,educator,16801.0,99860,1
187,188,42,M,student,29440.0,103206,1
189,190,30,M,administrator,95938.0,98855,1
192,193,29,M,student,49931.0,100099,1
193,194,38,M,administrator,2154.0,99616,1
194,195,42,M,scientist,93555.0,100915,1
196,197,55,M,technician,75094.0,99995,1
200,201,27,M,writer,,100056,1
201,202,41,F,educator,60201.0,100313,0
202,203,25,F,student,32301.0,99151,0
203,204,52,F,librarian,10960.0,100315,0
204,205,47,M,lawyer,6371.0,100300,1
208,209,33,F,educator,85710.0,100185,0
209,210,39,M,engineer,3060.0,101525,1
210,211,66,M,salesman,32605.0,99077,1
211,212,49,F,educator,61401.0,99718,0
212,213,33,M,executive,55345.0,98648,1
213,214,26,F,librarian,11231.0,99840,0
216,217,22,M,other,11727.0,99034,1
219,220,30,M,librarian,78205.0,100846,1
220,221,19,M,student,20685.0,99549,1
221,222,29,M,programmer,27502.0,99541,1
223,224,31,F,educator,43512.0,100343,0
224,225,51,F,administrator,58202.0,99683,0
228,229,29,F,librarian,22903.0,100567,0
238,239,39,M,artist,95628.0,97728,1
239,240,23,F,educator,20784.0,100019,0
242,243,33,M,educator,60201.0,101462,1
245,246,19,M,student,28734.0,101365,1
246,247,28,M,engineer,20770.0,100130,1
247,248,25,M,student,37235.0,101386,1
248,249,25,M,student,84103.0,100664,1
253,254,44,M,educator,42647.0,100948,1
254,255,23,M,entertainment,7029.0,100430,1
256,257,17,M,student,77005.0,99735,1
257,258,19,F,student,77801.0,101183,0
259,260,40,F,artist,89801.0,99606,0
260,261,28,M,administrator,85202.0,101098,1
262,263,41,M,programmer,55346.0,100024,1
264,265,26,M,executive,84601.0,100682,1
265,266,62,F,administrator,78756.0,100775,0
266,267,23,M,engineer,83716.0,99137,1
275,276,21,M,student,95064.0,101435,1
276,277,35,F,administrator,55406.0,99493,0
277,278,37,F,librarian,30033.0,100639,0
278,279,33,M,programmer,85251.0,100410,1
281,282,22,M,administrator,20057.0,100789,1
283,284,40,M,executive,92629.0,100176,1
284,285,25,M,programmer,53713.0,100053,1
286,287,21,M,salesman,31211.0,100923,1
289,290,40,M,engineer,93550.0,100616,1
290,291,19,M,student,44106.0,100524,1
293,294,34,M,technician,92110.0,101785,1
294,295,31,M,educator,50325.0,100047,1
295,296,43,F,administrator,16803.0,99867,0
297,298,44,M,executive,1581.0,99867,1
300,301,24,M,student,55439.0,100703,1
301,302,42,M,educator,77904.0,97931,1
302,303,19,M,student,14853.0,100017,1
303,304,22,F,student,71701.0,99991,0
305,306,45,M,other,73132.0,100745,1
310,311,32,M,technician,73071.0,99795,1
313,314,20,F,student,8043.0,99713,0
314,315,31,M,educator,18301.0,100239,1
316,317,22,M,administrator,13210.0,100116,1
318,319,38,M,programmer,22030.0,101540,1
319,320,19,M,student,24060.0,100585,1
322,323,21,M,student,19149.0,100461,1
323,324,21,F,student,2176.0,100302,0
325,326,41,M,administrator,15235.0,100292,1
326,327,22,M,student,11101.0,97923,1
327,328,51,M,administrator,6779.0,100731,1
328,329,48,M,educator,1720.0,101102,1
329,330,35,F,educator,33884.0,99185,0
330,331,33,M,entertainment,91344.0,100204,1
333,334,32,M,librarian,30002.0,99979,1
334,335,45,M,executive,33775.0,100591,1
336,337,37,M,scientist,10522.0,100383,1
337,338,39,F,librarian,59717.0,99526,0
339,340,46,M,engineer,80123.0,100450,1
341,342,25,F,other,98006.0,99543,0
344,345,28,F,librarian,94143.0,97488,0
345,346,34,M,other,76059.0,101499,1
346,347,18,M,student,90210.0,99996,1
348,349,68,M,retired,61455.0,101141,1
350,351,61,M,educator,49938.0,99757,1
353,354,29,F,librarian,48197.0,101951,0
355,356,32,F,homemaker,92688.0,100700,0
356,357,26,M,executive,98133.0,99434,1
357,358,40,M,educator,10022.0,99684,1
358,359,22,M,student,61801.0,99304,1
360,361,22,M,student,44074.0,99909,1
361,362,35,F,homemaker,85233.0,100690,0
363,364,63,M,engineer,1810.0,100185,1
364,365,29,M,lawyer,20009.0,99506,1
365,366,20,F,student,50670.0,100462,0
368,369,24,M,student,91335.0,100597,1
369,370,52,M,writer,8534.0,100796,1
370,371,36,M,engineer,99206.0,97426,1
371,372,25,F,student,66046.0,101618,0
372,373,24,F,other,55116.0,98977,0
373,374,36,M,executive,78746.0,100625,1
378,379,44,M,programmer,98117.0,99855,1
379,380,32,M,engineer,55117.0,99857,1
382,383,42,M,administrator,75204.0,99184,1
383,384,52,M,programmer,45218.0,98252,1
385,386,36,M,salesman,43221.0,99493,1
386,387,33,M,entertainment,37412.0,102288,1
388,389,44,F,writer,83702.0,98917,0
390,391,23,M,student,84604.0,98014,1
391,392,52,M,writer,59801.0,100262,1
393,394,25,M,administrator,96819.0,98724,1
395,396,57,M,engineer,94551.0,100416,1
401,402,30,M,engineer,95129.0,98021,1
402,403,37,M,other,6811.0,100895,1
408,409,48,M,administrator,98225.0,101104,1
410,411,34,M,educator,44691.0,100100,1
413,414,24,M,programmer,38115.0,99111,1
414,415,39,M,educator,85711.0,100425,1
415,416,20,F,student,92626.0,99710,0
420,421,38,F,programmer,55105.0,101333,0
422,423,64,M,other,91606.0,100000,1
424,425,19,M,student,58644.0,100483,1
426,427,51,M,doctor,85258.0,99598,1
429,430,38,M,scientist,98199.0,99533,1
431,432,22,M,entertainment,50311.0,102054,1
432,433,27,M,artist,11211.0,99328,1
433,434,16,F,student,49705.0,99059,0
434,435,24,M,engineer,60007.0,101718,1
435,436,30,F,administrator,17345.0,99099,0
436,437,27,F,other,20009.0,101004,0
439,440,30,M,other,48076.0,100838,1
440,441,50,M,technician,55013.0,99974,1
441,442,22,M,student,85282.0,100426,1
443,444,51,F,lawyer,53202.0,100569,0
444,445,21,M,writer,92653.0,101012,1
447,448,23,M,entertainment,10021.0,98961,1
450,451,16,M,student,48446.0,101110,1
451,452,35,M,administrator,28018.0,101234,1
455,456,24,M,technician,31820.0,98538,1
457,458,47,M,technician,,100245,1
459,460,44,F,other,60630.0,101590,0
460,461,15,M,student,98102.0,99263,1
465,466,22,M,student,90804.0,100896,1
469,470,24,M,programmer,10021.0,98307,1
473,474,51,M,executive,93711.0,101537,1
474,475,30,M,programmer,75230.0,99491,1
476,477,23,F,student,2125.0,98687,0
477,478,29,M,other,10019.0,97932,1
478,479,30,M,educator,55409.0,101574,1
479,480,57,M,retired,98257.0,98691,1
480,481,73,M,retired,37771.0,99903,1
481,482,18,F,student,40256.0,99586,0
483,484,27,M,student,21208.0,99987,1
485,486,39,M,educator,93101.0,100302,1
488,489,55,M,other,45218.0,99505,1
489,490,29,F,artist,,100339,0
490,491,43,F,writer,53711.0,98623,0
496,497,20,M,student,50112.0,101492,1
498,499,42,M,programmer,75006.0,100158,1
499,500,28,M,administrator,94305.0,99675,1
502,503,50,F,writer,27514.0,100977,0
503,504,40,F,writer,92115.0,100995,0
504,505,27,F,other,20657.0,101224,0
507,508,27,M,marketing,19382.0,101105,1
509,510,34,M,other,98038.0,100648,1
510,511,22,M,student,21250.0,100110,1
511,512,29,M,other,20090.0,100312,1
512,513,43,M,administrator,26241.0,100312,1
517,518,49,F,writer,99709.0,98220,0
520,521,19,M,student,2146.0,100226,1
521,522,36,M,engineer,55443.0,98906,1
522,523,50,F,administrator,4102.0,98738,0
523,524,56,M,educator,2159.0,99378,1
525,526,30,M,marketing,97124.0,101348,1
527,528,18,M,student,55104.0,99605,1
529,530,29,M,engineer,94040.0,101195,1
532,533,43,M,librarian,2324.0,102016,1
533,534,20,M,student,5464.0,99169,1
535,536,38,M,engineer,30078.0,101071,1
536,537,36,M,engineer,22902.0,99594,1
537,538,31,M,scientist,21010.0,101855,1
538,539,53,F,administrator,80303.0,99959,0
539,540,28,M,engineer,91201.0,100587,1
541,542,21,M,student,60515.0,99252,1
543,544,44,F,other,29464.0,101328,0
544,545,27,M,technician,8052.0,98790,1
545,546,36,M,executive,22911.0,99935,1
547,548,51,M,writer,95468.0,99098,1
549,550,16,F,student,95453.0,100529,0
552,553,58,M,educator,62901.0,99172,1
557,558,56,F,writer,63132.0,100194,0
561,562,54,F,administrator,20879.0,100213,0
563,564,65,M,retired,94591.0,100942,1
564,565,40,M,student,55422.0,100173,1
566,567,24,M,entertainment,10003.0,100475,1
567,568,39,M,educator,1915.0,99598,1
569,570,26,M,educator,14627.0,99241,1
571,572,51,M,educator,20003.0,99919,1
572,573,68,M,retired,48911.0,101901,1
573,574,56,M,educator,53188.0,100394,1
574,575,33,M,marketing,46032.0,101001,1
577,578,31,M,administrator,,99621,1
580,581,37,M,other,94131.0,99671,1
581,582,17,M,student,93003.0,101209,1
582,583,44,M,engineer,29631.0,99674,1
583,584,25,M,student,27511.0,100081,1
585,586,20,M,student,79508.0,99379,1
586,587,26,M,other,14216.0,101038,1
587,588,18,F,student,93063.0,99383,0
589,590,50,M,educator,82435.0,98820,1
591,592,18,M,student,97520.0,101451,1
594,595,25,M,programmer,31909.0,100299,1
596,597,23,M,other,84116.0,99291,1
601,602,47,F,other,34656.0,99001,0
602,603,21,M,programmer,47905.0,99737,1
604,605,33,M,engineer,33716.0,101411,1
605,606,28,M,programmer,63044.0,100913,1
607,608,22,M,other,10003.0,101609,1
608,609,13,F,student,55106.0,99862,0
609,610,22,M,student,21227.0,99252,1
610,611,46,M,librarian,77008.0,98792,1
612,613,37,F,marketing,29678.0,99903,0
614,615,38,M,educator,27705.0,100083,1
618,619,17,M,student,44134.0,99910,1
619,620,18,F,writer,81648.0,99729,0
621,622,25,M,programmer,14850.0,100056,1
622,623,50,F,educator,60187.0,98733,0
626,627,24,M,engineer,8034.0,100363,1
630,631,18,F,student,38866.0,99368,0
632,633,35,M,programmer,55414.0,98203,1
634,635,22,M,other,23237.0,100540,1
635,636,47,M,educator,48043.0,99720,1
637,638,45,M,engineer,1940.0,98817,1
638,639,42,F,librarian,12065.0,99542,0
640,641,24,M,student,60626.0,98396,1
642,643,39,M,scientist,55122.0,101797,1
643,644,51,M,retired,63645.0,100470,1
645,646,17,F,student,51250.0,102141,0
646,647,40,M,educator,45810.0,101608,1
647,648,43,M,engineer,91351.0,98978,1
649,650,42,M,engineer,83814.0,99072,1
651,652,35,M,other,22911.0,99444,1
653,654,27,F,student,78739.0,100016,0
655,656,48,M,educator,10314.0,99161,1
656,657,26,F,none,78704.0,100431,0
658,659,31,M,educator,54248.0,99372,1
667,668,29,F,writer,10016.0,99913,0
668,669,37,M,other,20009.0,101583,1
672,673,51,M,educator,22906.0,100460,1
679,680,33,M,lawyer,90405.0,99351,1
680,681,44,F,marketing,97208.0,99347,0
681,682,23,M,programmer,55128.0,101717,1
682,683,42,M,librarian,23509.0,99767,1
684,685,32,F,librarian,55409.0,98647,0
685,686,32,M,educator,26506.0,99333,1
688,689,25,M,other,45439.0,98747,1
690,691,34,M,educator,60089.0,99902,1
694,695,26,M,writer,38115.0,98587,1
695,696,55,M,other,94920.0,100933,1
697,698,28,F,programmer,6906.0,100923,0
698,699,44,M,other,96754.0,99267,1
699,700,17,M,student,76309.0,98840,1
701,702,37,M,other,89104.0,100178,1
703,704,51,F,librarian,91105.0,99911,0
704,705,21,F,student,54494.0,100121,0
708,709,21,M,other,,100819,1
710,711,22,F,student,15203.0,98920,0
712,713,42,F,other,7204.0,98457,0
714,715,21,M,technician,91206.0,98088,1
716,717,24,M,technician,84105.0,100506,1
717,718,42,M,technician,64118.0,99968,1
725,726,25,F,administrator,80538.0,99783,0
727,728,58,M,executive,94306.0,99101,1
732,733,44,F,other,60630.0,98781,0
733,734,25,F,other,63108.0,100897,0
735,736,48,F,writer,94618.0,99057,0
736,737,30,M,programmer,98072.0,100533,1
737,738,35,M,technician,95403.0,98223,1
742,743,31,M,programmer,92660.0,98961,1
746,747,19,M,other,93612.0,100530,1
747,748,28,M,administrator,94720.0,100130,1
748,749,33,M,other,80919.0,101201,1
750,751,24,F,other,90034.0,99371,0
751,752,60,M,retired,21201.0,99586,1
754,755,44,F,educator,97007.0,99522,0
759,760,35,F,other,14211.0,99723,0
760,761,17,M,student,97302.0,101361,1
762,763,27,M,scientist,2113.0,100923,1
766,767,70,M,engineer,0.0,100964,1
768,769,39,M,executive,6927.0,99256,1
770,771,26,M,student,15232.0,100006,1
771,772,50,M,writer,27105.0,100413,1
773,774,30,M,student,80027.0,99119,1
774,775,46,M,executive,90036.0,99541,1
779,780,49,M,programmer,94560.0,98702,1
780,781,20,M,student,48825.0,99355,1
782,783,30,M,marketing,77081.0,99438,1
784,785,32,M,engineer,23322.0,99118,1
785,786,36,F,engineer,1754.0,99465,0
786,787,18,F,student,98620.0,98835,0
787,788,51,M,administrator,5779.0,99749,1
789,790,27,M,technician,80913.0,100245,1
793,794,32,M,educator,57197.0,98771,1
795,796,32,F,writer,33755.0,100124,0
796,797,44,F,other,62522.0,99346,0
799,800,25,M,programmer,55337.0,101102,1
800,801,22,M,writer,92154.0,100123,1
802,803,70,M,administrator,78212.0,101228,1
803,804,39,M,educator,61820.0,99116,1
805,806,27,M,marketing,11217.0,99874,1
806,807,41,F,healthcare,93555.0,100084,0
807,808,45,M,salesman,90016.0,99533,1
808,809,50,F,marketing,30803.0,99326,0
809,810,55,F,other,80526.0,99308,0
812,813,14,F,student,2136.0,100142,0
813,814,30,M,other,12345.0,98559,1
816,817,19,M,student,60152.0,99364,1
817,818,28,M,librarian,27514.0,101467,1
818,819,59,M,administrator,40205.0,101423,1
819,820,22,M,student,37725.0,101055,1
822,823,27,M,artist,50322.0,99803,1
823,824,31,M,other,15017.0,99077,1
827,828,28,M,librarian,85282.0,98465,1
829,830,46,M,programmer,53066.0,100874,1
830,831,21,M,other,33765.0,99533,1
832,833,34,M,writer,90019.0,100629,1
833,834,26,M,other,64153.0,100941,1
834,835,44,F,executive,11577.0,99909,0
835,836,44,M,artist,10018.0,99573,1
839,840,39,M,artist,55406.0,100876,1
840,841,45,M,doctor,47401.0,100854,1
841,842,40,M,writer,93055.0,99377,1
842,843,35,M,librarian,44212.0,99332,1
843,844,22,M,engineer,95662.0,98422,1
845,846,27,M,lawyer,47130.0,99405,1
846,847,29,M,student,55417.0,97336,1
847,848,46,M,engineer,2146.0,101070,1
850,851,18,M,other,29646.0,99146,1
852,853,49,M,writer,40515.0,99004,1
854,855,53,M,librarian,4988.0,99890,1
856,857,35,F,administrator,,99151,0
859,860,70,F,retired,48322.0,100739,0
860,861,38,F,student,14085.0,99413,0
861,862,25,M,executive,13820.0,99205,1
863,864,27,M,programmer,63021.0,98826,1
868,869,30,M,student,10025.0,98707,1
869,870,22,M,student,65203.0,100901,1
870,871,31,M,executive,44648.0,98609,1
871,872,19,F,student,74078.0,100380,0
878,879,33,F,administrator,55337.0,98883,0
879,880,13,M,student,83702.0,100190,1
880,881,39,M,marketing,43017.0,101944,1
883,884,44,M,engineer,55337.0,98592,1
884,885,30,F,other,95316.0,99293,0
886,887,14,F,student,27249.0,101230,0
887,888,41,M,scientist,17036.0,99921,1
889,890,32,M,student,97301.0,99261,1
890,891,51,F,administrator,3062.0,99681,0
892,893,25,M,student,95823.0,100205,1
893,894,47,M,educator,74075.0,99461,1
894,895,31,F,librarian,32301.0,100632,0
896,897,30,M,other,33484.0,97789,1
898,899,32,M,other,55116.0,99888,1
899,900,60,M,retired,18505.0,97345,1
900,901,38,M,executive,,99205,1
901,902,45,F,artist,97203.0,98301,0
903,904,17,F,student,61073.0,99851,0
906,907,25,F,other,80526.0,99081,0
907,908,44,F,librarian,68504.0,100245,0
909,910,28,M,healthcare,29301.0,100243,1
910,911,37,F,writer,53210.0,102078,0
911,912,51,M,other,6512.0,99912,1
912,913,27,M,student,76201.0,101465,1
915,916,27,M,engineer,,98875,1
916,917,22,F,student,20006.0,100261,0
917,918,40,M,scientist,70116.0,101310,1
919,920,30,F,artist,90008.0,99770,0
920,921,20,F,student,98801.0,99006,0
922,923,21,M,student,,99785,1
924,925,18,F,salesman,49036.0,99502,0
925,926,49,M,entertainment,1701.0,101524,1
926,927,23,M,programmer,55428.0,102626,1
927,928,21,M,student,55408.0,98705,1
928,929,44,M,scientist,53711.0,98517,1
935,936,24,M,other,32789.0,99583,1
936,937,48,M,educator,98072.0,100428,1
940,941,20,M,student,97229.0,97835,1
942,943,22,M,student,77841.0,98737,1
